{
  "3a": {
    "delta_logZ_aft_minus_lcdm": 0.5279006421597745,
    "r0": 0.5898419601247251,
    "extrap_min": 0.24724257948671208,
    "extrap_max": 1.0269702523537843,
    "boot_stderr": 0.07720046583068833,
    "fits": {
      "linear": 0.7804041382862398,
      "quadratic": 0.39927978196321057,
      "loglinear": 0.7809512278040682,
      "edge": 0.3580902417733004
    },
    "u_median": 0.014718200000000015,
    "n": 505327
  },
  "3b": {
    "delta_logZ_aft_minus_lcdm": 0.3461918475678414,
    "r0": 0.707376765575972,
    "extrap_min": 0.16003932246787175,
    "extrap_max": 0.9060510937430185,
    "boot_stderr": 0.05772778843773833,
    "fits": {
      "linear": 0.8521102812282554,
      "quadratic": 0.5661951152923834,
      "loglinear": 0.8485584158595605,
      "edge": 0.40411689704906745
    },
    "u_median": 0.014047480000000001,
    "n": 764257
  },
  "3c": {
    "delta_logZ_aft_minus_lcdm": 0.019994295872816367,
    "r0": 0.9802042645005995,
    "extrap_min": -0.12815844491153397,
    "extrap_max": 0.6217771185951654,
    "boot_stderr": 0.03267253658003983,
    "fits": {
      "linear": 1.136733098004242,
      "quadratic": 0.8428362325083597,
      "loglinear": 1.1175722964928392,
      "edge": 0.5369892954832364
    },
    "u_median": 0.011638209999999982,
    "n": 1250840
  }
}